{"cameraMode":{"drawMode":0,"name":"Shaded","section":"Shading Mode"},"sceneLighting":false,"audioPlay":false,"sceneViewState":{"m_AlwaysRefresh":false,"showFog":true,"showSkybox":true,"showFlares":true,"showImageEffects":true,"showParticleSystems":true,"showVisualEffectGraphs":true,"m_FxEnabled":true},"in2DMode":false,"pivot":{"x":2.7328786849975588,"y":2.125990390777588,"z":-2.6763718128204347},"rotation":{"x":-0.07573497295379639,"y":-0.007880132645368576,"z":0.0005985884927213192,"w":-0.9970985651016235},"size":3.994415283203125,"orthographic":false}